Date,Open,High,Low,Close,Volume,Change,Change Percent,VWAP
1/23/2023,138.12,143.32,137.9,141.11,81760313,2.99,2.16,140.1125
1/24/2023,140.31,143.16,140.3,142.53,66435142,2.22,1.58,141.575
1/25/2023,140.89,142.43,138.81,141.86,65799349,0.97,0.68848,140.9975
1/26/2023,143.17,144.25,141.9,143.96,54105100,0.79,0.55179,143.32
1/27/2023,143.16,147.23,143.08,145.93,70555843,2.78,1.93,144.85
1/30/2023,144.96,145.55,142.85,143,64015300,-1.96,-1.35,144.09
1/31/2023,142.7,144.34,142.28,144.29,65874500,1.59,1.11,143.4025
2/1/2023,143.97,146.61,141.32,145.43,77663633,1.46,1.01,144.3325
2/2/2023,148.9,151.18,148.17,150.82,118339000,1.92,1.29,149.7675
2/3/2023,148.03,157.38,147.83,154.5,154357337,6.47,4.37,151.935
2/6/2023,152.57,153.1,150.78,151.73,69858306,-0.845,-0.55057,152.045
2/7/2023,150.64,155.23,150.64,154.65,83322600,4.01,2.66,152.79
2/8/2023,153.88,154.58,151.17,151.92,64120100,-1.96,-1.27,152.8875
2/9/2023,153.78,154.33,150.42,150.87,56007143,-2.91,-1.89,152.35
2/10/2023,149.46,151.34,149.22,151.01,57450708,1.55,1.04,150.2575
2/13/2023,150.95,154.26,150.92,153.85,62199013,2.9,1.92,152.495
2/14/2023,152.12,153.77,150.86,153.2,61707600,1.08,0.70997,152.4875
2/15/2023,153.11,155.5,152.88,155.33,65669252,2.22,1.45,154.205
2/16/2023,153.51,156.33,153.35,153.71,68167942,0.2,0.13028,154.225
2/17/2023,152.35,153,150.85,152.55,59144118,0.2,0.13128,152.1875
2/21/2023,150.2,151.3,148.41,148.48,58867230,-1.72,-1.15,149.5975
2/22/2023,148.87,149.95,147.16,148.91,51011305,0.04,0.02686908,148.7225
2/23/2023,150.09,150.34,147.24,149.4,48394249,-0.69,-0.45972,149.2675
2/24/2023,147.11,147.19,145.72,146.71,55469606,-0.4,-0.27191,146.6825
2/27/2023,147.71,149.17,147.45,147.92,44998500,0.21,0.14217,148.0625
2/28/2023,147.05,149.08,146.83,147.41,50547000,0.36,0.24481,147.5925
3/1/2023,146.83,147.23,145.01,145.31,55479000,-1.52,-1.04,146.095
3/2/2023,144.38,146.71,143.9,145.91,52279761,1.53,1.06,145.225
3/3/2023,148.04,151.11,147.33,151.03,70732300,2.99,2.02,149.3775
3/6/2023,153.79,156.3,153.46,153.83,87558028,0.045,0.02600949,154.345
3/7/2023,153.7,154.03,151.13,151.6,56182028,-2.1,-1.37,152.615
3/8/2023,152.81,153.47,151.83,152.87,47204800,0.06,0.03926445,152.745
3/9/2023,153.56,154.54,150.23,150.59,53833600,-2.97,-1.93,152.23
3/10/2023,150.21,150.94,147.61,148.5,68572400,-1.71,-1.14,149.315
3/13/2023,147.81,153.14,147.7,150.47,84457122,2.66,1.8,149.78
3/14/2023,151.28,153.4,150.1,152.59,73695900,1.31,0.86594,151.8425
3/15/2023,151.19,153.25,149.92,152.99,77167900,1.8,1.19,151.8375
3/16/2023,152.16,156.46,151.64,155.85,76254419,3.69,2.43,154.0275
3/17/2023,156.08,156.74,154.28,155,98944633,-1.08,-0.69195,155.525
3/20/2023,155.07,157.82,154.15,157.4,73641415,2.33,1.5,156.11
3/21/2023,157.32,159.4,156.54,159.28,73938300,1.96,1.25,158.135
3/22/2023,159.3,162.14,157.81,157.83,75701811,-1.47,-0.92279,159.27
3/23/2023,158.83,161.55,157.68,158.93,67622100,0.1,0.0629604,159.2475
3/24/2023,158.86,160.34,157.85,160.25,59256343,1.39,0.87498,159.325
3/27/2023,159.94,160.77,157.87,158.28,52390300,-1.66,-1.04,159.215
3/28/2023,157.97,158.49,155.98,157.65,45992200,-0.32,-0.20257,157.5225
3/29/2023,159.37,161.05,159.35,160.77,51305700,1.4,0.87846,160.135
3/30/2023,161.53,162.47,161.27,162.36,49501700,0.83,0.51384,161.9075
3/31/2023,162.44,165,161.91,164.9,68749800,2.46,1.51,163.5625
4/3/2023,164.27,166.29,164.22,166.17,56976200,1.9,1.16,165.2375
4/4/2023,166.6,166.84,165.11,165.63,46278300,-0.965,-0.58223,166.045
4/5/2023,164.74,165.05,161.8,163.76,51511744,-0.98,-0.59488,163.8375
4/6/2023,162.43,164.96,162,164.66,45390123,2.23,1.37,163.5125
4/10/2023,161.42,162.03,160.08,162.03,47716900,0.61,0.3779,161.39
4/11/2023,162.35,162.36,160.51,160.8,47644217,-1.55,-0.95473,161.505
4/12/2023,161.22,162.06,159.78,160.1,50133100,-1.12,-0.6947,160.79
4/13/2023,161.63,165.8,161.42,165.56,68445649,3.93,2.43,163.6025
4/14/2023,164.59,166.32,163.82,165.21,49386500,0.62,0.37669,164.985
4/17/2023,165.09,165.39,164.03,165.23,41516217,0.14,0.08480223,164.935
4/18/2023,166.1,167.41,165.65,166.47,49923008,0.37,0.22276,166.4075
4/19/2023,165.8,168.16,165.54,167.63,47720200,1.83,1.1,166.7825
4/20/2023,166.09,167.87,165.56,166.65,52456400,0.56,0.33717,166.5425
4/21/2023,165.05,166.45,164.49,165.02,58337341,-0.03,-0.01817631,165.2525
4/24/2023,165,165.6,163.89,165.33,41949600,0.33,0.2,164.955
4/25/2023,165.19,166.31,163.73,163.77,48714100,-1.42,-0.85962,164.75
4/26/2023,163.06,165.28,162.8,163.76,45498800,0.705,0.42929,163.725
4/27/2023,165.19,168.56,165.19,168.41,64902329,3.22,1.95,166.8375
4/28/2023,168.49,169.85,167.88,169.68,55275900,1.19,0.70627,168.975
5/1/2023,169.28,170.45,168.64,169.59,52472936,0.31,0.18313,169.49
5/2/2023,170.09,170.35,167.54,168.54,48425700,-1.55,-0.91128,169.13
5/3/2023,169.5,170.92,167.16,167.45,65136018,-2.05,-1.21,168.7575
5/4/2023,164.89,167.04,164.31,165.79,81235427,0.9,0.54582,165.5075
5/5/2023,170.98,174.3,170.76,173.57,113453200,2.59,1.51,172.4025
5/8/2023,172.48,173.85,172.11,173.5,55962800,1.02,0.59137,172.985
5/9/2023,173.05,173.54,171.6,171.77,45326900,-1.28,-0.73967,172.49
5/10/2023,173.02,174.03,171.9,173.56,53724501,0.535,0.3121,173.1275
5/11/2023,173.85,174.59,172.17,173.75,49514700,-0.1,-0.05752085,173.59
5/12/2023,173.62,174.06,171,172.57,45533138,-1.05,-0.60477,172.8125
5/15/2023,173.16,173.21,171.47,172.07,37266700,-1.09,-0.62948,172.4775
5/16/2023,171.99,173.14,171.8,172.07,42110300,0.08,0.04651433,172.25
5/17/2023,171.71,172.93,170.42,172.69,57951604,0.98,0.57073,171.9375
5/18/2023,173,175.24,172.58,175.05,65496700,2.05,1.18,173.9675
5/19/2023,176.39,176.39,174.94,175.16,55809500,-1.23,-0.69732,175.72
5/22/2023,173.98,174.71,173.45,174.2,43570932,0.22,0.12645,174.085
5/23/2023,173.13,173.38,171.28,171.56,50747300,-1.57,-0.90683,172.3375
5/24/2023,171.09,172.42,170.52,171.84,45143500,0.75,0.43837,171.4675
5/25/2023,172.41,173.9,171.69,172.99,56058300,0.58,0.33641,172.7475
5/26/2023,173.32,175.77,173.11,175.43,54835000,2.11,1.22,174.4075
5/30/2023,176.96,178.99,176.57,177.3,55964401,0.34,0.19213,177.455
5/31/2023,177.33,179.35,176.76,177.25,99625300,-0.075,-0.04511363,177.6725
6/1/2023,177.7,180.12,176.93,180.09,68901809,2.39,1.34,178.71
6/2/2023,181.03,181.78,179.26,180.95,61996913,-0.08,-0.04419157,180.755
6/5/2023,182.63,184.95,178.04,179.58,121946500,-3.05,-1.67,181.3
6/6/2023,179.97,180.12,177.43,179.21,64848400,-0.755,-0.42229,179.1825
6/7/2023,178.44,181.21,177.32,177.82,61944615,-0.62,-0.34746,178.6975
6/8/2023,177.9,180.84,177.46,180.57,50214900,2.67,1.5,179.1925
6/9/2023,181.5,182.23,180.63,180.96,48900000,-0.54,-0.29752,181.33
6/12/2023,181.27,183.89,180.97,183.79,54754995,2.52,1.39,182.48
6/13/2023,182.8,184.15,182.44,183.31,54929129,0.51,0.27899,183.175
6/14/2023,183.37,184.39,182.02,183.95,57462900,0.58,0.3163,183.4325
6/15/2023,183.96,186.52,183.78,186.01,65433200,2.05,1.11,185.0675
6/16/2023,186.73,186.99,184.27,184.92,101256225,-1.81,-0.96931,185.7275
6/20/2023,184.41,186.1,184.41,185.01,49799100,0.6,0.32536,184.9825
6/21/2023,184.9,185.41,182.59,183.96,49515700,-0.94,-0.50838,184.215
6/22/2023,183.74,187.05,183.67,187,51245327,3.26,1.77,185.365
6/23/2023,185.55,187.56,185.01,186.68,53117000,1.13,0.609,186.2
6/26/2023,186.83,188.05,185.23,185.27,48088700,-1.56,-0.83498,186.345
6/27/2023,185.89,188.39,185.67,188.06,50730846,2.17,1.17,187.0025
6/28/2023,187.93,189.9,187.6,189.25,51216801,1.32,0.70239,188.67
6/29/2023,189.08,190.07,188.94,189.59,46347308,0.51,0.26973,189.42
6/30/2023,191.63,194.48,191.26,193.97,85213216,2.34,1.22,192.835
7/3/2023,193.78,193.88,191.76,192.46,31458200,-1.32,-0.68118,192.97
7/5/2023,191.57,192.98,190.62,191.33,46920300,-0.235,-0.12528,191.625
7/6/2023,189.84,192.02,189.2,191.81,45156009,1.97,1.04,190.7175
7/7/2023,191.41,192.67,190.24,190.68,46815000,-0.73,-0.38138,191.25
7/10/2023,189.26,189.99,187.04,188.61,59922200,-0.65,-0.34344,188.725
7/11/2023,189.16,189.3,186.6,188.08,46638119,-1.08,-0.57095,188.285
7/12/2023,189.68,191.7,188.47,189.77,60750248,0.09,0.04744833,189.905
7/13/2023,190.5,191.19,189.78,190.54,41342338,0.04,0.02099738,190.5025
7/14/2023,190.23,191.18,189.63,190.69,41616242,0.46,0.24181,190.4325
7/17/2023,191.9,194.32,191.81,193.99,50520200,2.09,1.09,193.005
7/18/2023,193.35,194.33,192.42,193.73,48353774,0.38,0.19653,193.4575
7/19/2023,193.1,198.23,192.65,195.1,80507323,2,1.04,194.77
7/20/2023,195.09,196.47,192.5,193.13,59581200,-1.96,-1,194.2975
7/21/2023,194.1,194.97,191.23,191.94,71951700,-2.16,-1.11,193.06
7/24/2023,193.41,194.91,192.25,192.75,45505097,-0.66,-0.34124,193.33
7/25/2023,193.33,194.44,192.92,193.62,37283201,0.29,0.15,193.5775
7/26/2023,193.67,195.64,193.32,194.5,47471900,0.83,0.42856,194.2825
7/27/2023,196.02,197.2,192.55,193.22,47460200,-2.8,-1.43,194.7475
7/28/2023,194.67,196.63,194.14,195.83,48291443,1.16,0.59588,195.3175
7/31/2023,196.06,196.49,195.26,196.45,38824113,0.39,0.19892,196.065
8/1/2023,196.24,196.73,195.28,195.61,35281426,-0.63,-0.32104,195.965
8/2/2023,195.04,195.18,191.85,192.58,50389327,-2.46,-1.26,193.6625
8/3/2023,191.57,192.37,190.69,191.17,62243282,-0.4,-0.2088,191.45
8/4/2023,185.52,187.38,181.92,181.99,115956841,-3.53,-1.9,184.2025
8/7/2023,182.13,183.13,177.35,178.85,97576100,-3.28,-1.8,180.365
8/8/2023,179.69,180.27,177.58,179.8,67823003,0.11,0.06121654,179.335
8/9/2023,180.87,180.93,177.01,178.19,60378500,-2.68,-1.48,179.25
8/10/2023,179.48,180.75,177.6,177.97,54686900,-1.51,-0.84132,178.95
8/11/2023,177.32,178.62,176.55,177.79,52036700,0.47,0.26506,177.57
8/14/2023,177.97,179.69,177.31,179.46,43675627,1.49,0.83722,178.6075
8/15/2023,178.88,179.48,177.05,177.45,43622600,-1.43,-0.79942,178.215
8/16/2023,177.13,178.54,176.5,176.57,46964900,-0.56,-0.31615,177.185
8/17/2023,177.14,177.51,173.48,174,66062900,-3.14,-1.77,175.5325
8/18/2023,172.3,175.1,171.96,174.49,61172200,2.19,1.27,173.4625
8/21/2023,175.07,176.13,173.74,175.84,46311900,0.77,0.43982,175.195
8/22/2023,177.06,177.68,176.25,177.23,42084245,0.17,0.09601265,177.055
8/23/2023,178.52,181.55,178.33,181.12,52722800,2.6,1.46,179.88
8/24/2023,180.67,181.1,176.01,176.38,54945800,-4.29,-2.37,178.54
8/25/2023,177.38,179.15,175.82,178.61,51449600,1.23,0.69343,177.74
8/28/2023,180.09,180.59,178.55,180.19,43820700,0.1,0.05552779,179.855
8/29/2023,179.7,184.9,179.5,184.12,53003948,4.43,2.46,182.055
8/30/2023,184.94,187.85,184.74,187.65,60813900,2.71,1.47,186.295
8/31/2023,187.84,189.12,187.48,187.87,60794500,0.03,0.01597104,188.0775
9/1/2023,189.49,189.92,188.28,189.46,45766503,-0.025,-0.01583197,189.2875
9/5/2023,188.28,189.98,187.61,189.7,45280027,1.42,0.7542,188.8925
9/6/2023,188.4,188.85,181.47,182.91,81755816,-5.49,-2.91,185.4075
9/7/2023,175.18,178.21,173.54,177.56,112488803,2.38,1.36,176.1225
9/8/2023,178.35,180.24,177.79,178.18,65602066,-0.17,-0.09531819,178.64
9/11/2023,180.07,180.3,177.34,179.36,58953100,-0.71,-0.39429,179.2675
9/12/2023,179.49,180.13,174.82,176.3,90370200,-3.19,-1.78,177.685
9/13/2023,176.51,177.3,173.98,174.21,84267928,-2.3,-1.3,175.5
9/14/2023,174,176.1,173.58,175.74,60895800,1.74,1,174.855
9/15/2023,176.48,176.5,173.82,175.01,109259500,-1.47,-0.83296,175.4525
9/18/2023,176.48,179.38,176.17,177.97,67257600,1.49,0.84429,177.5
9/19/2023,177.52,179.63,177.13,179.07,51826941,1.55,0.87314,178.3375
9/20/2023,179.26,179.7,175.4,175.49,58436200,-3.77,-2.1,177.4625
9/21/2023,174.55,176.3,173.86,173.93,63149116,-0.62,-0.3552,174.66
9/22/2023,174.67,177.08,174.05,174.79,56725400,0.12,0.06870098,175.1475
9/25/2023,174.2,176.97,174.15,176.08,46172740,1.88,1.08,175.35
9/26/2023,174.82,175.2,171.66,171.96,64588945,-2.86,-1.64,173.41
9/27/2023,172.62,173.04,169.05,170.43,66921808,-2.19,-1.27,171.285
9/28/2023,169.34,172.03,167.62,170.69,56294419,1.35,0.79721,169.92
9/29/2023,172.02,173.07,170.34,171.21,51861100,-0.81,-0.47088,171.66
10/2/2023,171.22,174.3,170.93,173.75,52164535,2.53,1.48,172.55
10/3/2023,172.26,173.63,170.82,172.4,49594613,0.145,0.0812725,172.2775
10/4/2023,171.09,174.21,170.97,173.66,53020300,2.57,1.5,172.4825
10/5/2023,173.79,175.45,172.68,174.91,48527918,1.12,0.64446,174.2075
10/6/2023,173.8,177.99,173.18,177.49,57266700,3.69,2.12,175.615
10/9/2023,176.81,179.05,175.8,178.99,42390800,2.18,1.23,177.6625
10/10/2023,178.1,179.72,177.95,178.39,43698019,0.29,0.16283,178.54
10/11/2023,178.2,179.85,177.6,179.8,47551100,1.6,0.89787,178.8625
10/12/2023,180.07,182.34,179.04,180.71,56743119,0.64,0.35542,180.54
10/13/2023,181.42,181.93,178.14,178.85,51456082,-2.57,-1.42,180.085
10/16/2023,176.75,179.08,176.51,178.72,52517000,1.97,1.11,177.765
10/17/2023,176.65,178.42,174.8,177.15,57549400,0.505,0.28305,176.755
10/18/2023,175.58,177.58,175.11,175.84,54764400,0.26,0.14808,176.0275
10/19/2023,176.04,177.84,175.19,175.46,59302900,-0.58,-0.32947,176.1325
10/20/2023,175.31,175.42,172.64,172.88,64244028,-2.43,-1.39,174.0625
10/23/2023,170.91,174.01,169.93,173,55980109,2.09,1.22,171.9625
10/24/2023,173.05,173.67,171.45,173.44,43816644,0.39,0.22537,172.9025
10/25/2023,171.88,173.06,170.65,171.1,57157000,-0.78,-0.4538,171.6725
10/26/2023,170.37,171.38,165.67,166.89,70625300,-3.48,-2.04,168.5775
10/27/2023,166.91,168.96,166.83,168.22,58499129,1.31,0.78485,167.73
10/30/2023,169.02,171.17,168.87,170.29,51131000,1.27,0.75139,169.8375
10/31/2023,169.35,170.9,167.9,170.77,44846017,1.42,0.8385,169.73
11/1/2023,171,174.23,170.12,173.97,56934906,2.97,1.74,172.33
11/2/2023,175.52,177.78,175.46,177.57,77334800,2.05,1.17,176.5825
11/3/2023,174.24,176.82,173.35,176.65,79829246,2.41,1.38,175.265
11/6/2023,176.38,179.43,176.21,179.23,63841310,2.85,1.62,177.8125
11/7/2023,179.18,182.44,178.97,181.82,70530000,2.64,1.47,180.6025
11/8/2023,182.35,183.45,181.59,182.89,49340300,0.54,0.29613,182.57
11/9/2023,182.96,184.12,181.81,182.41,53763540,-0.55,-0.30061,182.825
11/10/2023,183.97,186.57,183.53,186.4,66177922,2.43,1.32,185.1175
11/13/2023,185.82,186.03,184.21,184.8,43627519,-1.02,-0.54892,185.215
11/14/2023,187.7,188.11,186.3,187.44,60108400,-0.26,-0.13852,187.3875
11/15/2023,187.85,189.5,187.78,188.01,53790500,0.165,0.08517434,188.285
11/16/2023,189.57,190.96,188.65,189.71,54412915,0.14,0.07385135,189.7225
11/17/2023,190.25,190.38,188.57,189.69,50941404,-0.56,-0.29435,189.7225
11/20/2023,189.89,191.91,189.88,191.45,46538614,1.56,0.82153,190.7825
11/21/2023,191.41,191.52,189.74,190.64,38134500,-0.77,-0.40228,190.8275
11/22/2023,191.49,192.93,190.83,191.31,39630011,-0.18,-0.09399969,191.64
11/24/2023,190.87,190.9,189.25,189.97,24048344,-0.9,-0.47153,190.2475
11/27/2023,189.92,190.67,188.9,189.79,40552609,-0.13,-0.06844987,189.82
11/28/2023,189.78,191.08,189.4,190.4,38415419,0.62,0.32669,190.165
11/29/2023,190.9,192.09,188.97,189.37,43014224,-1.53,-0.80147,190.3325
11/30/2023,189.84,190.32,188.19,189.95,48794400,0.11,0.05794353,189.575
12/1/2023,190.33,191.56,189.23,191.24,45704823,0.91,0.47812,190.59
12/4/2023,189.98,190.05,187.45,189.43,43389519,-0.55,-0.2895,189.2275
12/5/2023,190.21,194.4,190.18,193.42,66628400,3.21,1.69,192.0525
12/6/2023,194.45,194.76,192.11,192.32,41089737,-2.13,-1.1,193.41
12/7/2023,193.63,195,193.59,194.27,47477700,0.64,0.33053,194.1225
12/8/2023,194.2,195.99,193.67,195.71,53406400,1.51,0.77755,194.8925
12/11/2023,193.11,193.49,191.42,193.18,60943700,0.07,0.03624877,192.8
12/12/2023,193.08,194.72,191.72,194.71,52696900,1.63,0.84421,193.5575
12/13/2023,195.09,198,194.85,197.96,70404200,2.87,1.47,196.475
12/14/2023,198.02,199.62,196.16,198.11,66831600,0.09,0.04544995,197.9775
12/15/2023,197.53,198.4,197,197.57,128538401,0.04,0.02025009,197.625
12/18/2023,196.09,196.63,194.39,195.89,55751900,-0.2,-0.10199,195.75
12/19/2023,196.16,196.95,195.89,196.94,40714100,0.78,0.39763,196.485
12/20/2023,196.9,197.68,194.83,194.83,52242815,-2.07,-1.05,196.06
12/21/2023,196.1,197.08,193.5,194.68,46482549,-1.42,-0.72412,195.34
12/22/2023,195.18,195.41,192.97,193.6,37149600,-1.58,-0.80951,194.29
12/26/2023,193.61,193.89,192.83,193.05,28919310,-0.56,-0.28924,193.345
12/27/2023,192.49,193.5,191.09,193.15,48087700,0.66,0.34287,192.5575
12/28/2023,194.14,194.66,193.17,193.58,34049900,-0.56,-0.28845,193.8875
12/29/2023,193.9,194.4,191.73,192.53,42672148,-1.37,-0.70655,193.14
1/2/2024,187.15,188.44,183.89,185.64,82488700,-1.51,-0.80684,186.28
1/3/2024,184.22,185.88,183.43,184.25,58414500,0.03,0.01628488,184.445
1/4/2024,182.15,183.09,180.88,181.91,71983600,-0.24,-0.13176,182.0075
1/5/2024,181.99,182.76,180.17,181.18,62379700,-0.81,-0.44508,181.525
1/8/2024,182.09,185.6,181.5,185.56,59144500,3.47,1.91,183.6875
1/9/2024,183.92,185.15,182.73,185.14,42841809,1.22,0.66333,184.235
1/10/2024,184.35,186.4,183.92,186.19,46792908,1.84,0.9981,185.215
1/11/2024,186.54,187.05,183.62,185.59,49128408,-0.95,-0.50927,185.7
1/12/2024,186.06,186.74,185.19,185.92,40477800,-0.14,-0.07524454,185.9775
1/16/2024,182.16,184.26,180.93,183.63,65603041,1.47,0.80698,182.745
1/17/2024,181.27,182.93,180.3,182.68,47317433,1.41,0.77785,181.795
1/18/2024,186.09,189.14,185.83,188.63,78005800,2.54,1.36,187.4225
1/19/2024,189.33,191.95,188.82,191.56,68903000,2.23,1.18,190.415
1/22/2024,192.3,195.33,192.26,193.89,60133900,1.59,0.82683,193.445
1/23/2024,195.02,195.75,193.83,195.18,42355600,0.16,0.08204287,194.945
1/24/2024,195.42,196.38,194.34,194.5,53631316,-0.92,-0.47078,195.16
1/25/2024,195.22,196.27,193.11,194.17,54822126,-1.05,-0.53785,194.6925
1/26/2024,194.27,194.76,191.94,192.42,44594011,-1.85,-0.95228,193.3475
1/29/2024,192.01,192.2,189.58,191.73,47145622,-0.28,-0.14583,191.38
1/30/2024,190.94,191.8,187.47,188.04,55859400,-2.9,-1.52,189.5625
1/31/2024,187.04,187.1,184.35,184.4,55467803,-2.64,-1.41,185.7225
2/1/2024,183.99,186.95,183.82,186.86,64885408,2.88,1.56,185.405
2/2/2024,179.86,187.33,179.25,185.85,102551700,5.99,3.33,183.0725
2/5/2024,188.15,189.25,185.84,187.68,69668820,-0.47,-0.2498,187.73
2/6/2024,186.86,189.31,186.77,189.3,43490800,2.44,1.31,188.06
2/7/2024,190.64,191.05,188.61,189.41,53439000,-1.23,-0.6452,189.9275
2/8/2024,189.39,189.54,187.35,188.32,40962046,-1.06,-0.56497,188.65
2/9/2024,188.65,189.99,188,188.85,45155216,0.2,0.10602,188.8725
2/12/2024,188.42,188.67,186.79,187.15,41781934,-1.26,-0.67403,187.7575
2/13/2024,185.77,186.21,183.51,185.04,56529529,-0.73,-0.39296,185.1325
2/14/2024,185.32,185.53,182.44,184.15,54630517,-1.17,-0.63134,184.36
2/15/2024,183.55,184.49,181.35,183.86,65434500,0.31,0.16889,183.3125
2/16/2024,183.42,184.85,181.67,182.31,49752500,-1.11,-0.60517,183.0625
2/20/2024,181.79,182.43,180,181.56,53665600,-0.23,-0.12652,181.445
2/21/2024,181.94,182.89,180.66,182.32,41529674,0.38,0.20886,181.9525
2/22/2024,183.48,184.96,182.46,184.37,52292208,0.89,0.48507,183.8175
2/23/2024,185.01,185.04,182.23,182.52,45119700,-2.49,-1.35,183.7
2/26/2024,182.24,182.76,180.65,181.16,40867421,-1.08,-0.59263,181.7025
2/27/2024,181.1,183.92,179.56,182.63,54318900,1.53,0.84484,181.8025
2/28/2024,182.51,183.12,180.13,181.42,48953939,-1.09,-0.59723,181.795
2/29/2024,181.27,182.57,179.53,180.75,136682600,-0.52,-0.28686,181.03
3/1/2024,179.55,180.53,177.38,179.66,73563100,0.11,0.06126427,179.28
3/4/2024,176.15,176.9,173.79,175.1,81510101,-1.05,-0.59608,175.485
3/5/2024,170.76,172.04,169.62,170.12,95132400,-0.64,-0.3748,170.635
3/6/2024,171.06,171.24,168.68,169.12,68587707,-1.94,-1.13,170.025
3/7/2024,169.15,170.73,168.49,169,71765100,-0.15,-0.08867869,169.3425
3/8/2024,169,173.7,168.94,170.73,76267041,1.73,1.02,170.5925
3/11/2024,172.94,174.38,172.05,172.75,60139500,-0.19,-0.10986,173.03
3/12/2024,173.15,174.03,171.01,173.23,59825400,0.08,0.04620271,172.855
3/13/2024,172.77,173.19,170.76,171.13,52488700,-1.64,-0.94924,171.9625
3/14/2024,172.91,174.31,172.05,173,72913507,0.09,0.0520502,173.0675
3/15/2024,171.17,172.62,170.29,172.62,121752700,1.45,0.84711,171.675
3/18/2024,175.57,177.71,173.52,173.72,75604200,-1.85,-1.05,175.13
3/19/2024,174.34,176.61,173.03,176.08,55215244,1.74,0.99805,175.015
3/20/2024,175.72,178.67,175.09,178.67,53423102,2.95,1.68,177.0375
3/21/2024,177.05,177.49,170.84,171.37,106181300,-5.68,-3.21,174.1875
3/22/2024,171.76,173.05,170.06,172.28,71160138,0.52,0.30275,171.7875
3/25/2024,170.57,171.94,169.45,170.85,54288328,0.285,0.16416,170.7025
3/26/2024,170,171.42,169.58,169.71,57388449,-0.29,-0.17059,170.1775
3/27/2024,170.41,173.6,170.11,173.31,60273300,2.9,1.7,171.8575
3/28/2024,171.75,172.23,170.51,171.48,65672700,-0.27,-0.15721,171.4925
4/1/2024,171.19,171.25,169.48,170.03,46240500,-1.16,-0.67761,170.4875
4/2/2024,169.08,169.34,168.23,168.84,49329500,-0.24,-0.14194,168.8725
4/3/2024,168.79,170.68,168.58,169.65,47691715,0.86,0.50951,169.425
4/4/2024,170.29,171.92,168.82,168.82,53704400,-1.47,-0.86323,169.9625
4/5/2024,169.59,170.39,168.95,169.58,42104826,-0.01,-0.00589657,169.6275
4/8/2024,169.03,169.2,168.24,168.45,37425513,-0.58,-0.34313,168.73
4/9/2024,168.7,170.08,168.35,169.67,42451209,0.97,0.57499,169.2
4/10/2024,168.8,169.09,167.11,167.78,49709336,-1.02,-0.60427,168.195
4/11/2024,168.34,175.46,168.16,175.04,91070300,6.7,3.98,171.75
4/12/2024,174.26,178.36,174.21,176.55,101670900,2.29,1.31,175.845
4/15/2024,175.36,176.63,172.5,172.69,73531800,-2.67,-1.52,174.295
4/16/2024,171.75,173.76,168.27,169.38,73711235,-2.37,-1.38,170.79
4/17/2024,169.61,170.65,168,168,50901210,-1.61,-0.94924,169.065
4/18/2024,168.03,168.64,166.55,167.04,43122903,-0.99,-0.58918,167.565
4/19/2024,166.21,166.4,164.08,165,68149400,-1.21,-0.72799,165.4225
4/22/2024,165.52,167.26,164.77,165.84,48116443,0.325,0.19333,165.8475
4/23/2024,165.35,167.05,164.92,166.9,49537800,1.55,0.93741,166.055
4/24/2024,166.54,169.3,166.21,169.02,48251835,2.48,1.49,167.7675
4/25/2024,169.53,170.61,168.15,169.89,50558329,0.365,0.21235,169.545
4/26/2024,169.88,171.34,169.18,169.3,44838400,-0.58,-0.34142,169.925
4/29/2024,173.37,176.03,173.1,173.5,68169419,0.13,0.07498414,174
4/30/2024,173.33,174.99,170,170.33,65934800,-3,-1.73,172.1625
5/1/2024,169.58,172.71,169.11,169.3,50383147,-0.28,-0.16511,170.175
5/2/2024,172.51,173.42,170.89,173.03,94214915,0.52,0.30143,172.4625
5/3/2024,186.65,187,182.66,183.38,163224109,-3.27,-1.75,184.9225
5/6/2024,182.35,184.2,180.42,181.71,78569700,-0.644,-0.35097,182.17
5/7/2024,183.45,184.9,181.32,182.4,77305800,-1.05,-0.57236,183.0175
5/8/2024,182.85,183.07,181.45,182.74,45057100,-0.11,-0.0601586,182.5275
5/9/2024,182.56,184.66,182.11,184.57,48983000,2.01,1.1,183.475
5/10/2024,184.9,185.09,182.13,183.05,50759500,-1.85,-1,183.7925
5/13/2024,185.44,187.1,184.62,186.28,72044809,0.845,0.45298,185.86
5/14/2024,187.51,188.3,186.29,187.43,52393619,-0.08,-0.04266439,187.3825
5/15/2024,187.91,190.65,187.37,189.72,70400000,1.81,0.96323,188.9125
5/16/2024,190.47,191.1,189.66,189.84,52845230,-0.63,-0.33076,190.2675
5/17/2024,189.51,190.81,189.18,189.87,41282925,0.36,0.18996,189.8425
5/20/2024,189.33,191.92,189.01,191.04,44361300,1.72,0.90318,190.325
5/21/2024,191.09,192.73,190.92,192.35,42309401,1.26,0.65938,191.7725
5/22/2024,192.27,192.82,190.27,190.9,34648547,-1.36,-0.71254,191.565
5/23/2024,190.98,191,186.63,186.88,51005924,-4.1,-2.15,188.8725
5/24/2024,188.82,190.58,188.04,189.98,36327000,1.16,0.61434,189.355
5/28/2024,191.51,193,189.1,189.99,52280100,-1.52,-0.79369,190.9
5/29/2024,189.61,192.25,189.51,190.29,53068016,0.68,0.35863,190.415
5/30/2024,190.76,192.18,190.63,191.29,49947941,0.53,0.27784,191.215
5/31/2024,191.44,192.57,189.91,192.25,75158300,0.81,0.42311,191.5425
6/3/2024,192.9,194.99,192.52,194.03,50080539,1.13,0.5858,193.61
6/4/2024,194.64,195.32,193.03,194.35,47471445,-0.285,-0.14899,194.335
6/5/2024,195.4,196.9,194.87,195.87,54156800,0.47,0.24053,195.76
6/6/2024,195.69,196.5,194.17,194.48,41181800,-1.21,-0.61832,195.21
6/7/2024,194.65,196.94,194.14,196.89,53103912,2.24,1.15,195.655
6/10/2024,196.9,197.3,192.15,193.12,97262077,-3.78,-1.92,194.8675
6/11/2024,193.65,207.16,193.63,207.15,172373300,13.5,6.97,200.3975
6/12/2024,207.37,220.2,206.9,213.07,198134300,5.7,2.75,211.885
6/13/2024,214.74,216.75,211.6,214.24,97862729,-0.5,-0.23284,214.3325
6/14/2024,213.85,215.17,211.3,212.49,70122748,-1.36,-0.63596,213.2025
6/17/2024,213.37,218.95,212.72,216.67,93728300,3.3,1.55,215.4275
6/18/2024,217.59,218.63,213,214.29,79943300,-3.3,-1.52,215.8775
6/20/2024,213.93,214.24,208.85,209.68,86172500,-4.25,-1.99,211.675
6/21/2024,210.39,211.89,207.11,207.49,246421353,-2.9,-1.38,209.22
6/24/2024,207.72,212.7,206.59,208.14,80727006,0.42,0.2022,208.7875
6/25/2024,209.15,211.38,208.61,209.07,56713868,-0.08,-0.03825006,209.5525
6/26/2024,211.5,214.86,210.64,213.25,66213200,1.75,0.82742,212.5625
6/27/2024,214.69,215.74,212.35,214.1,49772707,-0.59,-0.27481,214.22
6/28/2024,215.77,216.07,210.3,210.62,82542718,-5.15,-2.39,213.19
7/1/2024,212.09,217.51,211.92,216.75,60402929,4.66,2.2,214.5675
7/2/2024,216.15,220.38,215.1,220.27,58046200,4.12,1.91,217.975
7/3/2024,220,221.55,219.03,221.55,37369801,1.55,0.70455,220.5325
7/5/2024,221.65,226.45,221.65,226.34,60412408,4.69,2.12,224.0225
7/8/2024,227.09,227.85,223.25,227.82,59085900,0.73,0.32146,226.5025
7/9/2024,227.93,229.4,226.37,228.68,48169822,0.75,0.32905,228.095
7/10/2024,229.3,233.08,229.25,232.98,62627700,3.68,1.6,231.1525
7/11/2024,231.39,232.39,225.77,227.57,64710617,-3.82,-1.65,229.28
7/12/2024,228.92,232.64,228.68,230.54,53046527,1.62,0.70767,230.195
7/15/2024,236.48,237.23,233.09,234.4,62631300,-2.08,-0.87957,235.3
7/16/2024,235,236.27,232.33,234.82,43234300,-0.18,-0.07659574,234.605
7/17/2024,229.45,231.46,226.64,228.88,57345900,-0.57,-0.24842,229.1075
7/18/2024,230.28,230.44,222.27,224.18,66034600,-6.1,-2.65,226.7925
7/19/2024,224.82,226.8,223.28,224.31,49151500,-0.51,-0.22685,224.8025
7/22/2024,227.01,227.78,223.09,223.96,48201835,-3.05,-1.34,225.46
7/23/2024,224.37,226.94,222.68,225.01,39960300,0.645,0.28524,224.75
7/24/2024,224,224.8,217.13,218.54,61777600,-5.46,-2.44,221.1175
7/25/2024,218.93,220.85,214.62,217.49,51391200,-1.44,-0.65774,217.9725
7/26/2024,218.7,219.49,216.01,217.96,41601345,-0.74,-0.33836,218.04
7/29/2024,216.96,219.3,215.75,218.24,36311800,1.28,0.58997,217.5625
7/30/2024,219.19,220.33,216.12,218.8,41643840,-0.39,-0.17793,218.61
7/31/2024,221.44,223.82,220.63,222.08,50036300,0.64,0.28902,221.9925
8/1/2024,224.37,224.48,217.02,218.36,62501000,-6.01,-2.68,221.0575
8/2/2024,219.15,225.6,217.71,219.86,105568600,0.71,0.32398,220.58
8/5/2024,199.09,213.5,196,209.27,119548600,10.18,5.11,204.465
8/6/2024,205.3,209.99,201.07,207.23,69660500,1.93,0.94009,205.8975
8/7/2024,206.9,213.64,206.39,209.82,63516417,2.92,1.41,209.1875
8/8/2024,213.11,214.2,208.83,213.31,47161149,0.2,0.09384825,212.3625
8/9/2024,212.1,216.78,211.97,216.24,42201646,4.14,1.95,214.2725
8/12/2024,216.07,219.51,215.6,217.53,38028100,1.46,0.67571,217.1775
8/13/2024,219.01,221.89,219.01,221.27,44155331,2.26,1.03,220.295
8/14/2024,220.57,223.03,219.7,221.72,41960600,1.15,0.52138,221.255
8/15/2024,224.6,225.35,222.76,224.72,46414013,0.12,0.05342832,224.3575
8/16/2024,223.92,226.83,223.65,226.05,44340240,2.13,0.95123,225.1125
8/19/2024,225.72,225.99,223.04,225.89,40687813,0.17,0.07531455,225.16
8/20/2024,225.77,227.17,225.45,226.51,30299033,0.74,0.32777,226.225
8/21/2024,226.52,227.98,225.05,226.4,34765500,-0.12,-0.05297545,226.4875
8/22/2024,227.79,228.34,223.9,224.53,43695321,-3.26,-1.43,226.14
8/23/2024,225.66,228.22,224.33,226.84,38677300,1.18,0.52291,226.2625
8/26/2024,226.76,227.28,223.89,227.18,30602208,0.42,0.18522,226.2775
8/27/2024,226,228.85,224.89,228.03,35934600,2.03,0.89823,226.9425
8/28/2024,227.92,229.86,225.68,226.49,38052200,-1.43,-0.62741,227.4875
8/29/2024,230.1,232.92,228.88,229.79,51906300,-0.31,-0.13472,230.4225
8/30/2024,230.19,230.4,227.48,229,52990800,-1.19,-0.51696,229.2675
9/3/2024,228.55,229,221.17,222.77,50190600,-5.78,-2.53,225.3725
9/4/2024,221.66,221.78,217.48,220.85,43840200,-0.81,-0.36542,220.4425
9/5/2024,221.63,225.48,221.52,222.38,36615400,0.755,0.3384,222.7525
9/6/2024,223.95,225.24,219.77,220.82,48423011,-3.13,-1.4,222.445
9/9/2024,220.82,221.27,216.71,220.91,67180000,0.09,0.04075718,219.9275
9/10/2024,218.92,221.48,216.73,220.11,51591033,1.19,0.54358,219.31
9/11/2024,221.46,223.09,217.89,222.66,44587100,1.2,0.54186,221.275
9/12/2024,222.5,223.55,219.82,222.77,37498225,0.27,0.12135,222.16
9/13/2024,223.58,224.04,221.91,222.5,36766619,-1.08,-0.48305,223.0075
9/16/2024,216.54,217.22,213.92,216.32,59357427,-0.22,-0.1016,216
9/17/2024,215.75,216.9,214.5,216.79,45519339,1.04,0.48204,215.985
9/18/2024,217.55,222.71,217.54,220.69,59894928,3.14,1.44,219.6225
9/19/2024,224.99,229.82,224.63,228.87,66781315,3.88,1.72,227.0775
9/20/2024,229.97,233.09,227.62,228.2,318679900,-1.77,-0.76967,229.72
9/23/2024,227.34,229.45,225.81,226.47,54146023,-0.87,-0.38269,227.2675
9/24/2024,228.65,229.35,225.73,227.37,43556100,-1.28,-0.55981,227.775
9/25/2024,224.93,227.29,224.02,226.37,42308715,1.44,0.6402,225.6525
9/26/2024,227.3,228.5,225.41,227.52,36636707,0.22,0.09678839,227.1825
9/27/2024,228.46,229.52,227.3,227.79,34026000,-0.67,-0.29327,228.2675
9/30/2024,230.04,233,229.65,233,54793391,2.96,1.29,231.4225
10/1/2024,229.52,229.65,223.74,226.21,63285048,-3.31,-1.44,227.28
10/2/2024,225.89,227.37,223.02,226.78,32880605,0.89,0.394,225.765
10/3/2024,225.14,226.81,223.32,225.67,34044200,0.53,0.23541,225.235
10/4/2024,227.9,228,224.13,226.8,37345098,-1.1,-0.48267,226.7075
10/7/2024,224.5,225.69,221.33,221.69,39505400,-2.81,-1.25,223.3025
10/8/2024,224.3,225.98,223.25,225.77,31855700,1.47,0.65537,224.825
10/9/2024,225.23,229.75,224.83,229.54,33591100,4.31,1.91,227.3375
10/10/2024,227.78,229.5,227.17,229.04,28183544,1.26,0.55317,228.3725
10/11/2024,229.3,229.41,227.34,227.55,31759200,-1.75,-0.76319,228.4
10/14/2024,228.7,231.73,228.6,231.3,39882100,2.6,1.14,230.0825
10/15/2024,233.61,237.49,232.37,233.85,64751400,0.24,0.10274,234.33
10/16/2024,231.6,232.12,229.84,231.78,34082240,0.18,0.07772021,231.335
10/17/2024,233.43,233.85,230.52,232.15,32993810,-1.28,-0.54834,232.4875
10/18/2024,236.18,236.18,234.01,235,46431500,-1.18,-0.49962,235.3425
10/21/2024,234.45,236.85,234.45,236.48,36254500,2.03,0.86586,235.5575
10/22/2024,233.89,236.22,232.6,235.86,38846600,1.98,0.84228,234.6425
10/23/2024,234.08,235.14,227.76,230.76,52287000,-3.32,-1.42,231.935
10/24/2024,229.98,230.82,228.41,230.57,31109503,0.59,0.25654,229.945
10/25/2024,229.74,233.22,229.57,231.41,38802304,1.67,0.72691,230.985
10/28/2024,233.32,234.73,232.55,233.4,36087134,0.08,0.03428767,233.5
10/29/2024,233.1,234.33,232.32,233.67,35417247,0.57,0.24453,233.355
10/30/2024,232.61,233.47,229.55,230.1,47070907,-2.51,-1.08,231.4325
10/31/2024,229.34,229.83,225.37,225.91,64370100,-3.43,-1.5,227.6125
11/1/2024,220.97,225.35,220.27,222.91,65276741,1.94,0.87795,222.375
11/4/2024,220.99,222.79,219.71,222.01,44944500,1.02,0.46156,221.375
11/5/2024,221.8,223.95,221.14,223.45,28111338,1.66,0.74391,222.585
11/6/2024,222.61,226.07,221.19,222.72,54561121,0.11,0.04941377,223.1475
11/7/2024,224.63,227.88,224.57,227.48,42137700,2.85,1.27,226.14
11/8/2024,227.17,228.66,226.41,226.96,38328824,-0.21,-0.09244178,227.3
11/11/2024,225,225.7,221.5,224.23,42005602,-0.77,-0.34222,224.1075
11/12/2024,224.55,225.59,223.36,224.23,40398300,-0.32,-0.14251,224.4325
11/13/2024,224.01,226.65,222.76,225.12,48566217,1.11,0.49551,224.635
11/14/2024,225.02,228.87,225,228.22,44923941,3.2,1.42,226.7775
11/15/2024,226.4,226.92,224.27,225,47923700,-1.4,-0.61837,225.6475
11/18/2024,225.25,229.74,225.17,228.02,44686020,2.77,1.23,227.045
11/19/2024,226.98,230.16,226.66,228.28,36211800,1.3,0.57274,228.02
11/20/2024,228.06,229.93,225.89,229,35169600,0.94,0.41217,228.22
11/21/2024,228.88,230.16,225.71,228.52,42108327,-0.36,-0.15729,228.3175
11/22/2024,228.06,230.72,228.06,229.87,38168300,1.81,0.79365,229.1775
11/25/2024,231.46,233.25,229.74,232.87,90152832,1.41,0.60918,231.83
11/26/2024,233.33,235.57,233.33,235.06,45986200,1.73,0.74144,234.3225
11/27/2024,234.47,235.69,233.81,234.93,33498439,0.465,0.19619,234.725
11/29/2024,234.81,237.81,233.97,237.33,28481400,2.53,1.07,235.98
12/2/2024,237.27,240.79,237.16,239.59,48137103,2.32,0.97779,238.7025
12/3/2024,239.81,242.76,238.9,242.65,38861017,2.84,1.18,241.03
12/4/2024,242.87,244.11,241.25,243.01,44383935,0.14,0.05764401,242.81
12/5/2024,243.99,244.54,242.13,243.04,40033900,-0.95,-0.38936,243.425
12/6/2024,242.91,244.63,242.08,242.84,36870619,-0.065,-0.02881726,243.115
12/9/2024,241.83,247.24,241.75,246.75,44649232,4.92,2.03,244.3925
12/10/2024,246.89,248.21,245.34,247.77,36914806,0.88,0.35643,247.0525
12/11/2024,247.96,250.8,246.26,246.49,45205814,-1.47,-0.59284,247.8775
12/12/2024,246.89,248.74,245.68,247.96,32777532,1.07,0.43339,247.3175
12/13/2024,247.82,249.29,246.24,248.13,33155300,0.315,0.12509,247.87
12/16/2024,247.99,251.38,247.65,251.04,51694800,3.05,1.23,249.515
12/17/2024,250.08,253.83,249.78,253.48,51356400,3.4,1.36,251.7925
12/18/2024,252.16,254.28,247.74,248.05,56774101,-4.11,-1.63,250.5575
12/19/2024,247.5,252,247.09,249.79,60882300,2.29,0.92525,249.095
12/20/2024,248.04,255,245.69,254.49,147495300,6.45,2.6,250.805
12/23/2024,254.77,255.65,253.45,255.27,40858800,0.5,0.19626,254.785
12/24/2024,255.49,258.21,255.29,258.2,23234705,2.71,1.06,256.7975
12/26/2024,258.19,260.1,257.63,259.02,27262983,0.83,0.32147,258.735
12/27/2024,257.83,258.7,253.06,255.59,42355321,-2.24,-0.86879,256.295
12/30/2024,252.23,253.5,250.75,252.2,35557542,-0.03,-0.01189391,252.17
12/31/2024,252.44,253.28,249.43,250.42,39480718,-2.02,-0.80019,251.3925
1/2/2025,248.93,249.1,241.82,243.85,55740731,-5.08,-2.04,245.925
1/3/2025,243.36,244.18,241.89,243.36,40244114,0,0,243.1975
1/6/2025,244.31,247.33,243.2,245,45045600,0.69,0.28243,244.96
1/7/2025,242.98,245.55,241.35,242.21,40856000,-0.77,-0.3169,243.0225
1/8/2025,241.92,243.71,240.05,242.7,37628940,0.78,0.32242,242.095
1/10/2025,240.01,240.16,233,236.85,61710900,-3.16,-1.32,237.505
1/13/2025,233.53,234.67,229.72,234.4,49630725,0.87,0.37254,233.08
1/14/2025,234.75,236.12,232.47,233.28,39435300,-1.47,-0.6262,234.155
1/15/2025,234.64,238.96,234.43,237.87,39832000,3.24,1.38,236.475
1/16/2025,237.35,238.01,228.03,228.26,71759100,-9.09,-3.83,232.9125
1/17/2025,232.12,232.29,228.48,229.98,68488301,-2.14,-0.92194,230.7175
1/21/2025,224,224.42,219.38,222.64,98070429,-1.36,-0.60714,222.61
1/22/2025,219.79,224.12,219.79,223.83,64126500,4.04,1.84,221.8825
1/23/2025,224.74,227.03,222.3,223.66,60234800,-1.08,-0.48056,224.4325
1/24/2025,224.78,225.63,221.41,222.78,54697907,-2,-0.88976,223.65
1/27/2025,224.02,232.15,223.98,229.86,94863418,5.84,2.61,227.5025
1/28/2025,230.85,240.19,230.81,238.26,75707600,7.41,3.21,235.0275
1/29/2025,234.12,239.86,234.01,239.36,45486100,5.24,2.24,236.8375
1/30/2025,238.67,240.79,237.21,237.59,55658300,-1.07,-0.45251,238.565
1/31/2025,247.19,247.19,233.44,236,101075128,-11.19,-4.53,240.955
2/3/2025,229.99,231.83,225.7,228.01,73063301,-1.98,-0.86091,228.8825
2/4/2025,227.25,233.13,226.65,232.8,45067301,5.55,2.44,229.9575
2/5/2025,228.53,232.67,228.27,232.47,39664989,3.94,1.72,230.485
2/6/2025,231.29,233.8,230.43,233.22,29925349,1.94,0.83445,232.185
2/7/2025,232.6,234,227.26,227.63,39707224,-4.97,-2.14,230.3725
2/10/2025,229.57,230.59,227.2,227.65,33115645,-1.92,-0.83635,228.7525
2/11/2025,228.2,235.23,228.13,232.62,53718400,4.42,1.94,231.045
2/12/2025,231.2,236.96,230.68,236.87,45243300,5.67,2.45,233.9275
2/13/2025,236.91,242.34,235.57,241.53,53614100,4.62,1.95,239.0875
2/14/2025,241.25,245.55,240.99,244.6,40896227,3.35,1.39,243.0975
2/18/2025,244.15,245.18,241.84,244.47,48822500,0.32,0.13107,243.91
2/19/2025,244.66,246.01,243.16,244.87,32204215,0.21,0.0858334,244.675
2/20/2025,244.94,246.78,244.29,245.83,32316907,0.89,0.36335,245.46
2/21/2025,245.95,248.69,245.22,245.55,53197431,-0.4,-0.16263,246.3525
2/24/2025,244.93,248.86,244.42,247.1,51326400,2.17,0.88597,246.3275
2/25/2025,248,250,244.91,247.04,48013300,-0.96,-0.3871,247.4875
2/26/2025,244.33,244.98,239.13,240.36,44433600,-3.97,-1.62,242.2
2/27/2025,239.41,242.46,237.06,237.3,41153639,-2.11,-0.88133,239.0575
2/28/2025,236.95,242.09,230.2,241.84,56833400,4.89,2.06,237.77
3/3/2025,241.79,244.03,236.11,238.03,47184000,-3.76,-1.56,239.99
3/4/2025,237.71,240.07,234.68,235.93,53798100,-1.78,-0.74881,237.0975
3/5/2025,235.42,236.55,229.23,235.74,47227643,0.32,0.13593,234.235
3/6/2025,234.44,237.86,233.16,235.33,45170419,0.895,0.37963,235.1975
3/7/2025,235.11,241.37,234.76,239.07,46273600,3.97,1.68,237.5775
3/10/2025,235.54,236.16,224.22,227.48,72071200,-8.06,-3.42,230.85
3/11/2025,223.81,225.84,217.45,220.84,76137410,-2.97,-1.33,221.985
3/12/2025,220.14,221.75,214.91,216.98,62547500,-3.16,-1.44,218.445
3/13/2025,215.95,216.84,208.42,209.68,61368330,-6.27,-2.9,212.7225
3/14/2025,211.25,213.95,209.58,213.49,60107600,2.24,1.06,212.0675
3/17/2025,213.31,215.22,209.97,214,48073426,0.69,0.32347,213.125
3/18/2025,214.16,215.15,211.49,212.69,42432426,-1.47,-0.6864,213.3725
3/19/2025,214.22,218.76,213.75,215.24,54385400,1.02,0.47615,215.4925
3/20/2025,213.99,217.49,212.22,214.1,48862947,0.11,0.05140427,214.45
3/21/2025,211.56,218.84,211.28,218.27,94127800,6.71,3.17,214.9875
3/24/2025,221,221.48,218.58,220.73,44299500,-0.27,-0.12217,220.4475
3/25/2025,220.77,224.1,220.08,223.75,34493600,2.98,1.35,222.175
3/26/2025,223.51,225.02,220.47,221.53,34532656,-1.98,-0.88587,222.6325
3/27/2025,221.39,224.99,220.56,223.85,37094800,2.46,1.11,222.6975
3/28/2025,221.67,223.81,217.68,217.9,39818617,-3.77,-1.7,220.265
3/31/2025,217.01,225.62,216.23,222.13,65299321,5.13,2.36,220.2475
4/1/2025,219.81,223.68,218.9,223.19,36412740,3.38,1.54,221.395
4/2/2025,221.32,225.19,221.02,223.89,35905904,2.57,1.16,222.855
4/3/2025,205.54,207.49,201.25,203.19,103419006,-2.35,-1.14,204.3675
4/4/2025,193.89,199.88,187.34,188.38,125910913,-5.51,-2.84,192.3725
4/7/2025,177.2,194.15,174.62,181.46,160466300,4.26,2.4,181.8575
4/8/2025,186.7,190.34,169.21,172.42,120859500,-14.28,-7.65,179.6675
4/9/2025,171.95,200.61,171.89,198.85,184395900,26.9,15.64,185.825
4/10/2025,189.07,194.78,183,190.42,121880000,1.35,0.71402,189.3175
4/11/2025,186.1,199.54,186.06,198.15,87435915,12.05,6.48,192.4625
4/14/2025,211.44,212.94,201.16,202.52,101352911,-8.92,-4.22,207.015
4/15/2025,201.86,203.51,199.8,202.14,51343900,0.285,0.13871,201.8275
4/16/2025,198.36,200.7,192.37,194.27,59732423,-4.09,-2.06,196.425
4/17/2025,197.2,198.83,194.42,196.98,52164700,-0.22,-0.11156,196.8575
4/21/2025,193.27,193.8,189.81,193.16,46742537,-0.105,-0.0569152,192.51
4/22/2025,196.12,201.59,195.97,199.74,52976400,3.62,1.85,198.355
4/23/2025,206,208,202.8,204.6,52929200,-1.4,-0.67961,205.35
4/24/2025,204.89,208.83,202.94,208.37,47311000,3.48,1.7,206.2575
4/25/2025,206.37,209.75,206.2,209.28,38222300,2.91,1.41,207.9
4/28/2025,210,211.5,207.46,210.14,38743100,0.14,0.06666667,209.775
4/29/2025,208.69,212.24,208.37,211.21,36827633,2.52,1.21,210.1275
4/30/2025,209.3,213.58,206.67,212.5,52286500,3.2,1.53,210.5125
5/1/2025,209.08,214.56,208.9,213.32,57365700,4.24,2.03,211.465
5/2/2025,206.09,206.99,202.16,205.35,101010621,-0.74,-0.35907,205.1475
5/5/2025,203.1,204.1,198.21,198.89,69018500,-4.21,-2.07,201.075
5/6/2025,198.21,200.65,197.02,198.51,51216500,0.3,0.15135,198.5975
5/7/2025,199.17,199.44,193.25,196.25,68616943,-2.92,-1.47,197.0275
5/8/2025,197.72,200.05,194.68,197.49,50478900,-0.23,-0.11633,197.485
5/9/2025,199,200.54,197.54,198.53,36453923,-0.47,-0.23618,198.9025
5/12/2025,210.97,211.27,206.75,210.79,63775814,-0.18,-0.08532019,209.945
5/13/2025,210.43,213.4,209,212.93,51909332,2.5,1.19,211.44
5/14/2025,212.43,213.94,210.58,212.33,49325825,-0.1,-0.04707433,212.32
5/15/2025,210.95,212.96,209.54,211.45,45029500,0.5,0.23702,211.225
5/16/2025,212.36,212.57,209.77,211.26,54737900,-1.1,-0.51799,211.49
5/19/2025,207.91,209.48,204.26,208.78,46140527,0.87,0.41845,207.6075
5/20/2025,207.67,208.47,205.03,206.86,42496635,-0.81,-0.39004,207.0075
5/21/2025,205.17,207.04,200.71,202.09,59211800,-3.08,-1.5,203.7525
5/22/2025,200.71,202.75,199.7,201.36,46742407,0.65,0.32385,201.13
5/23/2025,193.67,197.7,193.46,195.27,78432918,1.61,0.82615,195.025
5/27/2025,198.3,200.74,197.43,200.21,56288500,1.91,0.96319,199.17
5/28/2025,200.59,202.73,199.9,200.42,45339700,-0.17,-0.08474999,200.91
5/29/2025,203.58,203.81,198.51,199.95,51477938,-3.62,-1.78,201.4625
5/30/2025,199.37,201.96,196.78,200.85,70819942,1.48,0.74234,199.74
6/2/2025,200.28,202.13,200.12,201.7,35423300,1.42,0.70901,201.0575
6/3/2025,201.35,203.77,200.96,203.27,46381600,1.92,0.95356,202.3375
6/4/2025,202.91,206.24,202.1,202.82,43604000,-0.09,-0.04435464,203.5175
6/5/2025,203.5,204.75,200.15,200.63,55221235,-2.87,-1.41,202.2575
6/6/2025,203,205.7,202.05,203.92,46607700,0.92,0.4532,203.6675
6/9/2025,204.39,206,200.02,201.45,72862600,-2.94,-1.44,202.965
6/10/2025,200.6,204.35,200.57,202.67,54672608,2.07,1.03,202.0475
6/11/2025,203.5,204.5,198.41,198.78,60989900,-4.72,-2.32,201.2975
6/12/2025,199.08,199.68,197.36,199.2,43904635,0.12,0.06027728,198.83
6/13/2025,199.73,200.37,195.7,196.45,51447349,-3.28,-1.64,198.0625
6/16/2025,197.3,198.69,196.56,198.42,43020700,1.12,0.56766,197.7425
6/17/2025,197.2,198.39,195.21,195.64,38856200,-1.56,-0.79108,196.61
6/18/2025,195.94,197.57,195.07,196.58,45394700,0.64,0.32663,196.29
6/20/2025,198.24,201.7,196.86,201,96813542,2.76,1.39,199.45
6/23/2025,201.63,202.3,198.96,201.5,55814300,-0.125,-0.06447453,201.0975
6/24/2025,202.59,203.44,200.2,200.3,54064033,-2.29,-1.13,201.6325
6/25/2025,201.45,203.67,200.62,201.56,39525730,0.11,0.05460412,201.825
6/26/2025,201.43,202.64,199.46,201,50799121,-0.43,-0.21347,201.1325
6/27/2025,201.89,203.22,200,201.08,73188600,-0.81,-0.40121,201.5475
6/30/2025,202.01,207.39,199.26,205.17,91912816,3.16,1.56,203.4575
7/1/2025,206.67,210.19,206.14,207.82,78788900,1.16,0.55644,207.705
7/2/2025,208.91,213.34,208.14,212.44,67941811,3.53,1.69,210.7075
7/3/2025,212.15,214.65,211.81,213.55,34955836,1.41,0.65991,213.04
7/7/2025,212.68,216.23,208.8,209.95,50229000,-2.73,-1.28,211.915
7/8/2025,210.1,211.43,208.45,210.01,42848928,-0.09,-0.04283674,209.9975
7/9/2025,209.53,211.33,207.22,211.14,48749400,1.61,0.76839,209.805
7/10/2025,210.51,213.48,210.03,212.41,44443635,1.91,0.90257,211.6075
7/11/2025,210.57,212.13,209.86,211.16,39765812,0.595,0.28019,210.93
7/14/2025,209.93,210.91,207.54,208.62,38840111,-1.31,-0.62402,209.25
7/15/2025,209.22,211.89,208.92,209.11,42296339,-0.11,-0.05257624,209.785
7/16/2025,210.3,212.4,208.64,210.16,47490532,-0.135,-0.06657156,210.375
7/17/2025,210.57,211.8,209.59,210.02,48068141,-0.55,-0.2612,210.495
7/18/2025,210.87,211.79,209.7,211.18,48974600,0.31,0.14701,210.885
7/21/2025,212.1,215.78,211.63,212.48,51377434,0.38,0.17916,212.9975
7/22/2025,213.14,214.95,212.23,214.4,46404100,1.26,0.59116,213.68
7/23/2025,215,215.15,212.41,214.15,46989301,-0.85,-0.39535,214.1775
7/24/2025,213.9,215.69,213.53,213.76,46022620,-0.14,-0.06545115,214.22
7/25/2025,214.7,215.24,213.4,213.88,40268800,-0.82,-0.38193,214.305
7/28/2025,214.03,214.85,213.06,214.05,37858017,0.02,0.00934448,213.9975
7/29/2025,214.18,214.81,210.82,211.27,51411723,-2.91,-1.36,212.77
7/30/2025,211.9,212.39,207.72,209.05,45512514,-2.84,-1.34,210.265
7/31/2025,208.49,209.84,207.16,207.57,80698431,-0.92,-0.44127,208.265
8/1/2025,210.87,213.58,201.5,202.38,104434500,-8.49,-4.03,207.0825
8/4/2025,204.51,207.88,201.68,203.35,75109300,-1.16,-0.56721,204.355
8/5/2025,203.4,205.34,202.16,202.92,44155100,-0.48,-0.23599,203.455
8/6/2025,205.63,215.38,205.59,213.25,108483103,7.62,3.71,209.9625
8/7/2025,218.88,220.85,216.58,220.03,90224834,1.16,0.5254,219.085
8/8/2025,220.83,231,219.25,229.35,113854000,8.52,3.86,225.1075
8/11/2025,227.92,229.56,224.76,227.18,61806132,-0.74,-0.32468,227.355
8/12/2025,228.01,230.8,227.07,229.65,55672301,1.65,0.71927,228.8825
8/13/2025,231.07,235,230.43,233.33,69878546,2.26,0.97806,232.4575
8/14/2025,234.06,235.12,230.85,232.78,51916300,-1.28,-0.54687,233.2025
8/15/2025,234,234.28,229.34,231.59,56038700,-2.41,-1.03,232.3025
8/18/2025,231.7,233.12,230.11,230.89,37476200,-0.81,-0.34959,231.455
8/19/2025,231.28,232.87,229.35,230.56,39402600,-0.715,-0.31131,231.015
8/20/2025,229.98,230.47,225.77,226.01,42263900,-3.97,-1.73,228.0575
8/21/2025,226.27,226.52,223.78,224.9,30621249,-1.37,-0.60547,225.3675
8/22/2025,226.17,229.09,225.41,227.76,42477811,1.59,0.70301,227.1075
8/25/2025,226.48,229.3,226.23,227.16,30983133,0.68,0.30025,227.2925
8/26/2025,226.87,229.49,224.69,229.31,54575107,2.44,1.08,227.59
8/27/2025,228.61,230.9,228.26,230.49,31259513,1.88,0.82236,229.565
8/28/2025,230.82,233.41,229.34,232.56,38074700,1.74,0.75383,231.5325
8/29/2025,232.51,233.38,231.37,232.14,39418437,-0.37,-0.15913,232.35
9/2/2025,229.25,230.85,226.97,229.72,44075638,0.47,0.20502,229.1975
9/3/2025,237.21,238.85,234.36,238.47,66427835,1.26,0.53117,237.2225
9/4/2025,238.45,239.9,236.74,239.78,47549429,1.33,0.55777,238.7175
9/5/2025,240,241.32,238.49,239.69,54870400,-0.305,-0.12917,239.875
9/8/2025,239.3,240.15,236.34,237.88,48999500,-1.42,-0.5934,238.4175
9/9/2025,237,238.78,233.36,234.35,66313918,-2.65,-1.12,235.8725
9/10/2025,232.19,232.42,225.95,226.79,83440810,-5.4,-2.33,229.3375
9/11/2025,226.88,230.45,226.65,230.03,50208600,3.16,1.39,228.5025
9/12/2025,229.22,234.51,229.02,234.07,55824216,4.85,2.12,231.705
9/15/2025,237,238.19,235.03,236.7,42699524,-0.3,-0.12658,236.73
9/16/2025,237.18,241.22,236.32,238.15,63421100,0.975,0.40897,238.2175
9/17/2025,238.97,240.1,237.73,238.99,46508017,0.02,0.00836925,238.9475
9/18/2025,239.97,241.2,236.65,237.88,44249600,-2.09,-0.87094,238.925
9/19/2025,241.23,246.3,240.21,245.5,163741314,4.28,1.77,243.31
9/22/2025,248.3,256.64,248.12,256.08,105517416,7.78,3.13,252.285
9/23/2025,255.88,257.34,253.58,254.43,60275200,-1.44,-0.56667,255.3075
9/24/2025,255.22,255.74,251.04,252.31,42303710,-2.91,-1.14,253.5775
9/25/2025,253.21,257.17,251.71,256.87,55202100,3.66,1.45,254.74
9/26/2025,254.1,257.6,253.78,255.46,46076300,1.37,0.53522,255.235
9/29/2025,254.56,255,253.01,254.43,40127700,-0.13,-0.05106851,254.25
9/30/2025,254.86,255.92,253.11,254.63,37704300,-0.225,-0.09024563,254.63
10/1/2025,255.04,258.79,254.93,255.45,48713940,0.41,0.16076,256.0525
10/2/2025,256.58,258.18,254.15,257.13,42630239,0.555,0.21436,256.51
10/3/2025,254.67,259.24,253.95,258.02,49155614,3.35,1.32,256.47
10/6/2025,257.99,259.07,255.05,256.69,44664118,-1.3,-0.5039,257.2
10/7/2025,256.81,257.4,255.43,256.48,31955800,-0.325,-0.1285,256.53
10/8/2025,256.52,258.52,256.11,258.06,36496900,1.54,0.60034,257.3025
10/9/2025,257.81,258,253.14,254.04,38322012,-3.77,-1.46,255.7475
10/10/2025,254.94,256.38,244,245.27,61999100,-9.67,-3.79,250.1475
10/13/2025,249.38,249.69,245.56,247.66,38142942,-1.72,-0.68971,248.0725
10/14/2025,246.6,248.85,244.7,247.77,35478000,1.17,0.47445,246.98
10/15/2025,249.49,251.82,247.47,249.34,33893611,-0.145,-0.06012265,249.53
10/16/2025,248.25,249.04,245.13,247.45,39777000,-0.8,-0.32226,247.4675
10/17/2025,248.02,253.38,247.27,252.29,49147000,4.27,1.72,250.24
10/20/2025,255.89,264.38,255.63,262.24,90483029,6.36,2.48,259.535
10/21/2025,261.88,265.29,261.83,262.77,46695948,0.89,0.33985,262.9425
10/22/2025,262.65,262.85,255.43,258.45,45015300,-4.2,-1.6,259.845
10/23/2025,259.94,260.62,258.01,259.58,32754941,-0.36,-0.13849,259.5375
10/24/2025,261.19,264.13,259.18,262.82,38253717,1.63,0.62407,261.83
10/27/2025,264.88,269.12,264.65,268.81,44888200,3.93,1.48,266.865
10/28/2025,268.99,269.89,268.15,269,41534800,0.015,0.00371761,269.0075
10/29/2025,269.27,271.41,267.11,269.7,51086742,0.425,0.15969,269.3725
10/30/2025,271.99,274.14,268.48,271.4,69886534,-0.59,-0.21692,271.5025
10/31/2025,276.99,277.32,269.16,270.37,86167123,-6.62,-2.39,273.46
11/3/2025,270.42,270.85,266.25,269.05,50194600,-1.37,-0.50662,269.1425
11/4/2025,268.33,271.49,267.62,270.04,49274846,1.72,0.63727,269.37
11/5/2025,268.61,271.7,266.93,270.14,43683100,1.53,0.5696,269.345
11/6/2025,267.89,273.4,267.89,269.77,51204045,1.88,0.70178,269.7375
11/7/2025,269.8,272.29,266.77,268.47,48227400,-1.32,-0.49296,269.3325
11/10/2025,268.96,273.73,267.46,269.43,41312412,0.47,0.17475,269.895
11/11/2025,269.81,275.91,269.8,275.25,46208318,5.44,2.02,272.6925
11/12/2025,275,275.73,271.7,273.47,48398000,-1.53,-0.55636,273.975
11/13/2025,274.11,276.7,272.09,272.95,49602800,-1.16,-0.42319,273.9625
11/14/2025,271.05,275.96,269.6,272.41,47431331,1.36,0.50175,272.255
11/17/2025,268.82,270.49,265.73,267.46,45018300,-1.36,-0.50591,268.125
11/18/2025,269.99,270.71,265.32,267.44,45677300,-2.55,-0.94448,268.365
11/19/2025,265.52,272.21,265.5,268.56,40424500,3.04,1.14,267.9475
11/20/2025,270.83,275.43,265.92,266.25,45823600,-4.58,-1.69,269.6075
11/21/2025,265.95,273.33,265.67,271.49,59030832,5.54,2.08,269.11
11/24/2025,270.9,277,270.9,275.92,65585800,5.02,1.85,273.68
11/25/2025,275.27,280.38,275.25,276.97,46914220,1.7,0.61758,276.9675
11/26/2025,276.96,279.53,276.63,277.55,33431423,0.59,0.21303,277.6675
11/28/2025,277.26,279,275.99,278.85,20135620,1.59,0.57347,277.775
12/1/2025,278.01,283.42,276.14,283.1,46587722,5.09,1.83,280.1675
12/2/2025,283,287.4,282.63,286.19,53669532,3.19,1.13,284.805
12/3/2025,286.2,288.62,283.3,284.15,43538700,-2.05,-0.71628,285.5675
12/4/2025,284.1,284.73,278.59,280.7,43989100,-3.4,-1.2,282.03
12/5/2025,280.54,281.14,278.05,278.78,47265845,-1.76,-0.62736,279.6275
12/8/2025,278.13,279.67,276.15,277.89,38211832,-0.24,-0.08629058,277.96
12/9/2025,278.16,280.03,276.92,277.18,32193300,-0.98,-0.35232,278.0725
12/10/2025,277.75,279.75,276.44,278.78,33038318,1.03,0.37084,278.18
12/11/2025,279.1,279.59,273.81,278.03,33248000,-1.07,-0.38338,277.6325
12/12/2025,277.9,279.22,276.82,278.28,39532900,0.38,0.13674,278.055
12/15/2025,280.15,280.15,272.84,274.11,50409100,-6.04,-2.16,276.8125
12/16/2025,272.82,275.5,271.79,274.61,37648628,1.79,0.65611,273.68
12/17/2025,275.01,276.16,271.64,271.84,50138743,-3.17,-1.15,273.6625
12/18/2025,273.61,273.63,266.95,272.19,51630721,-1.42,-0.51899,271.595
12/19/2025,272.15,274.6,269.9,273.67,144632048,1.53,0.55852,272.58
12/22/2025,272.86,273.88,270.51,270.97,36571827,-1.89,-0.69266,272.055
12/23/2025,270.84,272.5,269.56,272.36,29642000,1.52,0.56122,271.315
12/24/2025,272.34,275.43,272.2,273.81,17910600,1.47,0.53977,273.445
12/26/2025,274.16,275.37,272.86,273.4,21521802,-0.76,-0.27721,273.9475
12/29/2025,272.69,274.36,272.35,273.76,23715213,1.07,0.39239,273.29
12/30/2025,272.81,274.08,272.28,273.08,22139617,0.27,0.09896998,273.0625
12/31/2025,273.06,273.68,271.75,271.86,27293639,-1.2,-0.43946,272.5875
1/2/2026,272.26,277.84,269,271.01,37838100,-1.25,-0.45912,272.5275
1/5/2026,270.64,271.51,266.14,267.26,45647200,-3.38,-1.25,268.8875
1/6/2026,267,267.55,262.12,262.36,52352100,-4.64,-1.74,264.7575
1/7/2026,263.2,263.68,259.81,260.33,48309804,-2.87,-1.09,261.755
1/8/2026,257.02,259.29,255.7,259.04,50419337,2.02,0.78593,257.7625
1/9/2026,259.08,260.21,256.22,259.37,39997000,0.295,0.11193,258.72
1/12/2026,259.16,261.3,256.8,260.25,45263800,1.09,0.42059,259.3775
1/13/2026,258.72,261.81,258.39,261.05,45730847,2.33,0.90059,259.9925
1/14/2026,259.49,261.82,256.71,259.96,40019421,0.47,0.18112,259.495
1/15/2026,260.65,261.04,257.05,258.21,39388600,-2.44,-0.93612,259.2375
1/16/2026,257.9,258.9,254.93,255.53,72142800,-2.37,-0.91896,256.815
1/20/2026,252.73,254.79,243.42,246.7,80267517,-6.03,-2.39,249.41